{
  "train_loss": [
    3.0725105369792267,
    0.817146938274251,
    0.3673052415251732,
    0.22071780316173073,
    0.10791184297976966,
    0.026755214021366866,
    0.012128739689979802,
    0.007611771933435597,
    0.006163109538399361,
    0.0052462547225628625,
    0.004200769451392048,
    0.003248005714466706,
    0.0027957973145147697,
    0.002526464754401801,
    0.0030825733752512835,
    0.004269384699973233,
    0.002828143342188933,
    0.0018582677868329348,
    0.001648607114105819,
    0.0015996979147365148
  ],
  "train_acc": [
    59.592245989304814,
    92.39639037433155,
    94.43516042780749,
    95.6216577540107,
    97.91109625668449,
    99.74933155080214,
    100.0,
    99.98328877005348,
    99.96657754010695,
    99.98328877005348,
    99.98328877005348,
    100.0,
    100.0,
    100.0,
    99.98328877005348,
    99.96657754010695,
    100.0,
    100.0,
    100.0,
    100.0
  ],
  "val_loss": [
    1.046950282058218,
    0.3184011114331392,
    0.1922925698703953,
    0.12857828256520595,
    0.030417103640182495,
    0.008485151735610319,
    0.005095031238442471,
    0.005202023357544401,
    0.0039782191899855835,
    0.0023078423656733033,
    0.0013911210609456669,
    0.0015185695518304563,
    0.5777996151956248,
    0.0010193916957807513,
    0.000786703082497467,
    0.004019793897456551,
    0.0016724921426810018,
    0.001073119853982052,
    0.001249942891133417,
    0.0011563657781052926
  ],
  "val_acc": [
    88.78149810148429,
    94.94304452882292,
    95.77148774594409,
    96.427338626165,
    99.56851915774939,
    99.94822229892993,
    99.98274076630997,
    99.96548153261995,
    99.98274076630997,
    99.98274076630997,
    100.0,
    100.0,
    91.97445633413876,
    100.0,
    100.0,
    99.98274076630997,
    99.98274076630997,
    99.98274076630997,
    100.0,
    99.98274076630997
  ],
  "learning_rates": [
    1e-05,
    9.997532801828659e-06,
    9.990133642141359e-06,
    9.977809823015402e-06,
    9.960573506572391e-06,
    9.93844170297569e-06,
    9.911436253643447e-06,
    9.87958380969374e-06,
    9.842915805643158e-06,
    9.801468428384718e-06,
    9.75528258147577e-06,
    9.70440384477113e-06,
    9.64888242944126e-06,
    9.588773128419908e-06,
    9.524135262330102e-06,
    9.455032620941843e-06,
    9.381533400219322e-06,
    9.303710135019723e-06,
    9.22163962751008e-06,
    9.135402871372813e-06
  ]
}