{
  "train_loss": [
    3.7070671186090154,
    1.4489886757524255,
    0.42103820489370886,
    0.11239516464146701,
    0.035840488292954185,
    0.017592690128056122,
    0.011505785821513697,
    0.008521293342252944,
    0.006380154111268208,
    0.005063580441223905,
    0.004325056209522772,
    0.0037019609904444632,
    0.0032041078834311367,
    0.002835181741576821,
    0.0025740893231455814,
    0.0022851740984983224,
    0.002127295707347479,
    0.0019699573357474997,
    0.0018622613683801125,
    0.0017403919202459847,
    0.001714966437321176,
    0.0016331745524527156,
    0.0016036931883523808,
    0.001554879035556659,
    0.0015103662788698618,
    0.004633771091883873,
    0.002870503319352666,
    0.004014646287703697
  ],
  "train_acc": [
    49.398395721925134,
    97.1590909090909,
    99.79946524064171,
    100.0,
    100.0,
    100.0,
    100.0,
    100.0,
    100.0,
    100.0,
    100.0,
    100.0,
    100.0,
    100.0,
    100.0,
    100.0,
    100.0,
    100.0,
    100.0,
    100.0,
    100.0,
    100.0,
    100.0,
    100.0,
    100.0,
    99.91644385026738,
    99.96657754010695,
    99.94986631016043
  ],
  "val_loss": [
    1.966994288612853,
    0.4597160798180234,
    0.08583382018688289,
    0.018279136629304388,
    0.006892379447510773,
    0.003994530391147626,
    0.002795752231287514,
    0.0020643355699696136,
    0.0016266748051358654,
    0.001321029984955113,
    0.0010623497492505832,
    0.0009428643967552049,
    0.0008378498870904998,
    0.000764781345963826,
    0.0006792316600874803,
    0.000652256732132378,
    0.0005869831529108214,
    0.0005424688827658359,
    0.0004864016936063398,
    0.0004965502552555076,
    0.0004850469027827545,
    0.0004741869984222781,
    0.00043799824933367934,
    0.00044842927013383156,
    0.0004586825338524899,
    0.03474198914669354,
    0.00045294219587678806,
    0.000451702732499433
  ],
  "val_acc": [
    97.01415257162581,
    99.93096306523991,
    100.0,
    100.0,
    100.0,
    100.0,
    100.0,
    100.0,
    100.0,
    100.0,
    100.0,
    100.0,
    100.0,
    100.0,
    100.0,
    100.0,
    100.0,
    100.0,
    100.0,
    100.0,
    100.0,
    100.0,
    100.0,
    100.0,
    100.0,
    99.48222298929927,
    100.0,
    100.0
  ],
  "learning_rates": [
    0.0001,
    9.997532801828658e-05,
    9.990133642141359e-05,
    9.977809823015401e-05,
    9.960573506572391e-05,
    9.93844170297569e-05,
    9.911436253643445e-05,
    9.879583809693738e-05,
    9.842915805643157e-05,
    9.801468428384717e-05,
    9.75528258147577e-05,
    9.70440384477113e-05,
    9.64888242944126e-05,
    9.588773128419907e-05,
    9.5241352623301e-05,
    9.455032620941843e-05,
    9.381533400219321e-05,
    9.303710135019722e-05,
    9.22163962751008e-05,
    9.135402871372814e-05,
    9.045084971874742e-05,
    8.950775061878456e-05,
    8.85256621387895e-05,
    8.750555348152302e-05,
    8.644843137107061e-05,
    8.53553390593274e-05,
    8.422735529643446e-05,
    8.306559326618262e-05
  ]
}