{
  "train_loss": [
    0.2625394164770842,
    0.17626883387565612,
    0.13827817870303988,
    0.1164267979003489,
    0.10288306317757816,
    0.09047586765140295,
    0.08079526921268552,
    0.07318617464508861,
    0.06703370191156864,
    0.06249679631786421,
    0.058495913066435604,
    0.05696868245489895,
    0.054133002301678064,
    0.05089177951915189,
    0.04888215349405073,
    0.04719611927052028,
    0.04496630007401109,
    0.04390608530404279,
    0.042206210778094826,
    0.041232016004505566,
    0.03995441594102886,
    0.0392912976059597,
    0.03872256207396276,
    0.037787805556145034,
    0.037485625443514435,
    0.03671360137639567,
    0.036605023750453256,
    0.036809331097174436,
    0.03637197854230181,
    0.03626920509908814
  ],
  "train_acc": [
    90.81834532374101,
    94.31654676258992,
    95.36151079136691,
    95.97661870503597,
    96.35521582733813,
    96.7113309352518,
    96.97302158273381,
    97.18974820143885,
    97.38129496402878,
    97.53507194244604,
    97.66187050359713,
    97.72751798561151,
    97.87589928057554,
    97.98920863309353,
    98.05125899280576,
    98.14028776978417,
    98.22032374100719,
    98.27787769784173,
    98.32913669064749,
    98.34892086330935,
    98.41636690647482,
    98.41996402877697,
    98.47571942446044,
    98.46852517985612,
    98.4748201438849,
    98.50269784172662,
    98.55485611510791,
    98.52967625899281,
    98.5521582733813,
    98.53147482014388
  ],
  "val_loss": [
    0.19638945221900939,
    0.15638048708438873,
    0.12668042853474618,
    0.11208168372511863,
    0.09865235157310963,
    0.09162252083420754,
    0.08386913709342479,
    0.07824100591242314,
    0.07509259194135666,
    0.07408342603594065,
    0.07068343829363584,
    0.06909235537052155,
    0.06782643735408783,
    0.06787786643952132,
    0.06574033785611391,
    0.06699804607778788,
    0.06436724085360765,
    0.06550930740311742,
    0.06541539991274475,
    0.06508379645645618,
    0.06426649298518897,
    0.06470787789672613,
    0.06510153537616134,
    0.06554749768227339,
    0.0646213453821838,
    0.06586856998503209,
    0.06421445790678262,
    0.06380842369049787,
    0.06458054520189763,
    0.06576706225052475
  ],
  "val_acc": [
    92.70503597122303,
    94.92086330935251,
    95.56115107913669,
    96.13669064748201,
    96.56834532374101,
    96.79136690647482,
    97.03597122302158,
    97.15827338129496,
    97.28776978417267,
    97.33093525179856,
    97.4748201438849,
    97.53237410071942,
    97.58992805755396,
    97.64748201438849,
    97.73381294964028,
    97.72661870503597,
    97.85611510791367,
    97.81294964028777,
    97.87050359712231,
    97.87769784172662,
    97.93525179856115,
    97.92805755395683,
    97.9136690647482,
    97.92805755395683,
    97.94244604316546,
    97.80575539568345,
    97.97122302158273,
    97.9568345323741,
    97.9568345323741,
    97.87769784172662
  ],
  "learning_rates": [
    9.972609476841367e-05,
    9.890738003669029e-05,
    9.755282581475769e-05,
    9.567727288213003e-05,
    9.330127018922194e-05,
    9.045084971874738e-05,
    8.715724127386972e-05,
    8.345653031794292e-05,
    7.938926261462366e-05,
    7.500000000000001e-05,
    7.033683215379003e-05,
    6.545084971874738e-05,
    6.039558454088797e-05,
    5.522642316338269e-05,
    5.000000000000002e-05,
    4.4773576836617344e-05,
    3.9604415459112035e-05,
    3.4549150281252636e-05,
    2.9663167846209998e-05,
    2.5000000000000018e-05,
    2.0610737385376356e-05,
    1.654346968205711e-05,
    1.2842758726130297e-05,
    9.549150281252636e-06,
    6.698729810778068e-06,
    4.322727117869953e-06,
    2.447174185242324e-06,
    1.092619963309716e-06,
    2.7390523158633003e-07,
    0.0
  ]
}