{
  "train_loss": [
    0.2901884983778,
    0.1784188703149557,
    0.14694582238793374,
    0.11452256606519222,
    0.09794807584583759,
    0.0856472628414631,
    0.07987384036555886,
    0.07011220921203494,
    0.06626544630713761,
    0.06329008033499121,
    0.05746271979808808,
    0.05336558219790459,
    0.05142249588668346,
    0.04907992444746196,
    0.047570236952975395,
    0.042738829962909224,
    0.04437356536276638,
    0.04139454285241664,
    0.039541265165433284,
    0.03842645390704274,
    0.03693649128451943,
    0.03536055291444063,
    0.03359837452229113,
    0.03420300752297044,
    0.03350828621489927,
    0.030768635837361218,
    0.030962192909792064,
    0.030711922849528492,
    0.02880283230356872,
    0.028323018103837968,
    0.028221487504430116,
    0.027287710262462496,
    0.02613411018624902,
    0.026807644207030534,
    0.025325744421221315,
    0.02514587501529604,
    0.025250616793055087,
    0.0245447933441028,
    0.023960699768736958,
    0.02402744733169675,
    0.02419733707490377,
    0.023648532289545984,
    0.023736593902809546,
    0.023009473954327404,
    0.02392407977534458,
    0.022987382113467902,
    0.022525041677523405,
    0.02282430372014642,
    0.023047694177366792,
    0.023770415527746083
  ],
  "train_acc": [
    92.51159420289855,
    96.1018115942029,
    96.99755434782608,
    97.62445652173913,
    97.9286231884058,
    98.0883152173913,
    98.21322463768117,
    98.34211956521739,
    98.46911231884059,
    98.54809782608696,
    98.62327898550724,
    98.69030797101449,
    98.73269927536232,
    98.79347826086956,
    98.84402173913044,
    98.88451086956522,
    98.94746376811594,
    98.98288043478261,
    99.01041666666667,
    99.03994565217391,
    99.06195652173913,
    99.08768115942028,
    99.11721014492754,
    99.12300724637682,
    99.14846014492754,
    99.15579710144928,
    99.18695652173913,
    99.18360507246376,
    99.21576086956522,
    99.22065217391304,
    99.21684782608696,
    99.24130434782609,
    99.25135869565217,
    99.26041666666667,
    99.25896739130435,
    99.28215579710145,
    99.27880434782608,
    99.28777173913043,
    99.29067028985507,
    99.3088768115942,
    99.29483695652173,
    99.31213768115941,
    99.31684782608696,
    99.31784420289856,
    99.31784420289856,
    99.31476449275362,
    99.32327898550724,
    99.31856884057972,
    99.32391304347826,
    99.31992753623189
  ],
  "val_loss": [
    0.1828432637784216,
    0.16413581193912596,
    0.1323561201847735,
    0.11789920074599129,
    0.11630757265384235,
    0.10884597959617774,
    0.09873131121553126,
    0.10102060404680079,
    0.0957440955948735,
    0.0992571022065859,
    0.09544049357137983,
    0.0939318130147599,
    0.09218912820021312,
    0.08886146776023365,
    0.08733575621117202,
    0.08843158396138322,
    0.0870663421376357,
    0.08775687792767135,
    0.08861438155410782,
    0.0850384785453715,
    0.08492918457421991,
    0.08357468442547888,
    0.07695936503273154,
    0.08429418445106536,
    0.08123713991944752,
    0.08228660411837083,
    0.08440928802722031,
    0.08538187042410884,
    0.08191575890495664,
    0.07922780099842283,
    0.0791262040535609,
    0.07526472972203342,
    0.07463395220064928,
    0.07665409385004923,
    0.07980962229212599,
    0.07951934851469501,
    0.07824791767560536,
    0.08160812762521562,
    0.07518667906581883,
    0.07487688571332939,
    0.07649289546090932,
    0.0757646444179709,
    0.07593981725060278,
    0.07512814544200425,
    0.07551259006417933,
    0.07482808653915686,
    0.0745258026918958,
    0.07503452857158013,
    0.07464629299347363,
    0.07560393368707054
  ],
  "val_acc": [
    96.31304347826087,
    96.51304347826087,
    97.56014492753623,
    98.01159420289855,
    98.22898550724638,
    98.39710144927537,
    98.55797101449275,
    98.67463768115942,
    98.78840579710145,
    98.87101449275362,
    98.87463768115941,
    98.94710144927537,
    98.98768115942029,
    99.03623188405797,
    99.08478260869565,
    99.11449275362318,
    99.14057971014493,
    99.14565217391305,
    99.18260869565218,
    99.21304347826087,
    99.22536231884058,
    99.24347826086957,
    99.25144927536232,
    99.25579710144928,
    99.27753623188406,
    99.29347826086956,
    99.30072463768116,
    99.31376811594203,
    99.32101449275362,
    99.32753623188405,
    99.34782608695652,
    99.33768115942028,
    99.35289855072463,
    99.35072463768115,
    99.35579710144927,
    99.36739130434782,
    99.37536231884059,
    99.37608695652175,
    99.38478260869566,
    99.39565217391305,
    99.38550724637682,
    99.3876811594203,
    99.39275362318841,
    99.40507246376812,
    99.39637681159421,
    99.40217391304348,
    99.40434782608696,
    99.40507246376812,
    99.4036231884058,
    99.4036231884058
  ],
  "learning_rates": [
    9.990133642141359e-05,
    9.96057350657239e-05,
    9.911436253643444e-05,
    9.842915805643155e-05,
    9.755282581475769e-05,
    9.648882429441257e-05,
    9.524135262330098e-05,
    9.381533400219317e-05,
    9.221639627510075e-05,
    9.045084971874735e-05,
    8.852566213878945e-05,
    8.644843137107056e-05,
    8.422735529643442e-05,
    8.187119948743447e-05,
    7.938926261462366e-05,
    7.679133974894982e-05,
    7.408768370508575e-05,
    7.128896457825361e-05,
    6.840622763423389e-05,
    6.545084971874736e-05,
    6.243449435824272e-05,
    5.9369065729286224e-05,
    5.626666167821521e-05,
    5.3139525976465657e-05,
    4.999999999999998e-05,
    4.6860474023534314e-05,
    4.3733338321784775e-05,
    4.063093427071375e-05,
    3.756550564175724e-05,
    3.454915028125263e-05,
    3.1593772365766105e-05,
    2.8711035421746357e-05,
    2.591231629491422e-05,
    2.3208660251050148e-05,
    2.061073738537634e-05,
    1.8128800512565503e-05,
    1.5772644703565555e-05,
    1.3551568628929426e-05,
    1.1474337861210536e-05,
    9.549150281252626e-06,
    7.783603724899252e-06,
    6.184665997806817e-06,
    4.75864737669903e-06,
    3.5111757055874303e-06,
    2.4471741852423216e-06,
    1.5708419435684504e-06,
    8.856374635655631e-07,
    3.942649342761114e-07,
    9.866357858642197e-08,
    0.0
  ]
}